step,bsf,mean_fitness_classic,min_fitness_classic,max_fitness_classic,mean_fitness_custom,min_fitness_custom,max_fitness_custom,sq_distance_diversity
0.0,-11.935524725971725,-5.658053257901174,-14.367307071824383,11.935524725971725,-6.822968537433809,-22.43530029136872,4.5294180173675045,104411.49100994624
1.0,-11.935524725971725,-5.344684978731798,-18.36998894423405,11.935524725971725,-8.852446226756268,-33.6812711090211,0.452570819131914,96019.518511181
2.0,-17.71907293256974,-3.224689217454499,-18.313932624660474,17.71907293256974,-9.513924313046425,-33.81415879824064,9.007570128759554,88409.50276834771
3.0,-18.445844951897342,1.3819928054435362,-18.313932624660474,18.445844951897342,-6.099932415633354,-33.84991665358331,17.110521055027213,85041.30640059267
4.0,-18.445844951897342,4.100858509480871,-18.313932624660474,16.507248386199848,-4.488242371486201,-33.84991665358331,1.0651960942860512,83063.25214465105
5.0,-18.749133958517277,6.846207505524337,-13.951679425077304,18.749133958517277,-2.896762820980411,-24.895140491503682,6.276652824797761,79461.12620429485
6.0,-18.749133958517277,7.442334531078435,-14.000461897274416,13.483678563573326,-2.039900129228517,-28.754702896854525,9.531681366102282,78837.31702449231
7.0,-18.749133958517277,10.309571965165194,-9.456425407679117,16.501694796889346,1.4397677908337447,-18.015376918538955,9.034887718636348,77946.63957642329
8.0,-18.749133958517277,9.650831074332418,-11.862299439322232,16.04863612620968,0.3992269969999439,-23.36726042730947,10.980433943602364,76584.29423108674
9.0,-18.749133958517277,10.092506889535938,-8.787230749323449,18.26053968372997,0.21960823111106648,-22.542797622771445,11.900564995079996,75723.76069004282
10.0,-18.749133958517277,10.676039745338699,-11.862299439322232,14.381654676741078,0.5116867153499007,-23.841050992569542,10.71552379826821,73291.32131235502
11.0,-23.54223611030814,10.67674224467322,-11.862299439322232,23.54223611030814,0.07806495408239382,-24.186808968268046,21.83121251623533,72811.14089193686
12.0,-27.05381976414169,10.665342475865675,-14.706095717802933,27.05381976414169,0.14262999875172183,-24.6364066502331,21.831451629344947,72493.30331132651
13.0,-27.05381976414169,9.546853823694585,-11.975570752616719,15.387632634169357,-0.1494042911336962,-23.492951899243558,8.764669821110193,70765.34641504979
14.0,-27.05381976414169,9.358044019332352,-11.862299439322232,22.490112995449216,-0.8990393365451829,-24.186808968268046,19.13670713657543,71081.63793242106
15.0,-27.05381976414169,9.917811883125777,-13.305716612004833,16.053962418530322,-0.5434114563808594,-27.223773090407516,10.484100562626995,70754.72957434386
16.0,-27.05381976414169,9.494784180950042,-13.21129594233972,20.967198486635233,-1.3835350047599217,-27.85900340585656,11.42643579118401,71086.12979888235
17.0,-27.05381976414169,8.959001730533187,-11.900735509912032,25.54371999412256,-1.5089113256352127,-24.771900616824112,21.209273191807068,70846.73816567991
18.0,-27.05381976414169,8.939662443152706,-11.86514359951737,23.048951109281415,-0.9011134373992097,-24.190213879369463,23.678362916166225,71383.15370584268
19.0,-27.05381976414169,10.007767347037134,-11.93984094352189,24.06968558200204,0.5819163569136339,-24.279652320535707,23.10525863197588,71254.82097479305
20.0,-27.05381976414169,8.071503756616156,-11.924604186305718,21.039361470639847,-0.7828832187533262,-24.273741795197445,20.961270676389816,71285.35513622704
21.0,-27.05381976414169,10.160075156468734,-13.943718989588941,24.994928719176905,0.6277512716539636,-28.643751361928743,19.426200328015355,70940.60167269273
22.0,-31.12831508165978,8.303166515726252,-13.811668378964466,31.12831508165978,-1.7874532323466699,-27.712163816283446,31.501699676710047,71131.47938813646
23.0,-31.30746755265278,10.354454021289119,-11.862299439322232,31.30746755265278,0.2232697259186879,-24.48060348184311,26.81716883590089,69229.2274589591
24.0,-31.30746755265278,10.776302949016056,-11.862299439322232,24.663509250698066,1.3479292450477658,-24.186808968268046,25.913607304999367,69452.9875077897
25.0,-31.30746755265278,10.743034158884432,-11.91419800801398,20.3242584424885,1.1567600505547595,-24.248945890008304,13.709485459138635,70570.4481766848
26.0,-31.30746755265278,10.985357733504902,-5.890303180346967,22.81515488929418,1.2863534963682937,-15.370683649273161,23.126942204294465,68895.62011330291
27.0,-31.30746755265278,11.026818248025789,-11.862299439322232,22.772419846191696,2.129085935031233,-23.516461011518345,22.743097738342296,69001.88833200783
28.0,-31.30746755265278,9.578141152469154,-8.67703620798354,18.542429153383473,0.1661559772251603,-22.6304521379863,16.951893868839196,69833.12390022847
29.0,-31.30746755265278,11.200971789924065,-11.862299439322232,20.37933558050989,3.8388126094694166,-20.041997971402868,19.491408144112736,69575.74019983386
30.0,-31.321606176886327,10.702533951158495,-11.862299439322232,31.321606176886327,0.9555730520059664,-24.186808968268046,27.334669578998025,68177.37510999256
31.0,-31.321606176886327,10.090088351968214,-13.902729595990987,26.487133653817448,0.5660090926936059,-28.574940923178353,21.596926520430912,69260.3893146906
32.0,-31.321606176886327,9.483997017305533,-13.918043497154475,20.380682165169347,-0.35059005021427536,-28.131272656008072,19.06954868799668,68721.50720531525
33.0,-31.321606176886327,10.156004263503085,-12.625269573498477,24.597208576517055,0.9409945257774666,-23.70244493314337,30.593688129944816,68224.02181594862
34.0,-31.321606176886327,9.284384667647808,-11.949804533800258,23.0562079114994,0.5832048648410866,-24.291584183417044,23.1237171731699,68077.48989644628
35.0,-31.321606176886327,10.304311437396489,-9.517202910929534,29.949201310890434,1.7141809108051098,-13.738571648708877,29.144380840888953,66089.38939942417
36.0,-31.321606176886327,10.153974206075034,-11.862299439322232,31.03648348251791,3.1945919356810366,-21.52094282464383,24.152767238855553,66691.15988249355
37.0,-31.321606176886327,8.986918441837764,-11.924584531373473,23.298624451179748,0.30078554327562623,-24.26138297466567,20.55960730916786,66332.54021413412
38.0,-31.321606176886327,10.540113487896333,-13.808851351631102,27.053458131491272,1.991090231418712,-28.357599325963477,26.206772504136467,66320.67931267849
39.0,-31.321606176886327,9.242297981393143,-7.075150476748766,27.47109181969051,0.48914835481443264,-17.425855212727956,21.155228127530997,65393.49600623463
40.0,-35.73700936774378,10.920374173858065,-9.011227485835008,35.73700936774378,3.70254956900077,-12.279549877598711,32.72014375907466,65342.28869500002
41.0,-35.73700936774378,10.595146394070339,-11.87916923845566,29.339802127531513,4.1073009534683935,-21.27151522794332,22.222906290401067,66390.10907475516
42.0,-35.73700936774378,10.2094501102226,-11.86514359951737,26.698084499961606,2.899324354916962,-24.190213879369463,23.30320520227253,66111.47684488607
43.0,-35.73700936774378,11.063060571949812,-7.0380018495850525,32.32615003680712,3.1608742896508057,-13.775314053166442,23.41162155246359,64311.76455398129
44.0,-39.11329143511539,11.098005127750803,-7.1801181730597925,39.11329143511539,4.992109138555328,-8.027591215097544,39.08986891758548,65294.402299846995
45.0,-39.11329143511539,9.687106627470934,-17.821908177481912,26.64116901646443,4.866760490776595,-27.218709380786677,23.533937340930876,65951.72892116022
46.0,-39.11329143511539,9.802562234771301,-11.862299439322232,27.480655291673855,1.4549791834267451,-24.835988030158582,24.076906640881226,65628.98422799933
47.0,-39.11329143511539,10.384988712996776,-15.137922245377492,31.8066634568442,2.9846730855266355,-26.342264952186454,29.931199224093366,64927.831660061114
48.0,-39.11329143511539,10.451738061644454,-11.862299439322232,38.902155972031366,3.0793191831060307,-23.769586890255816,38.836648046720434,64726.941684231664
49.0,-39.11329143511539,10.372169251595162,-6.517844685272793,31.156878983893087,2.0444389168926973,-12.87371052511454,21.179055671532424,65297.94948861661
50.0,-39.11329143511539,10.925069018513453,-4.710748704747818,32.183335437065836,4.350401005159689,-10.614878157175415,30.173423927090333,64395.04601022717
51.0,-39.11329143511539,11.507540910369071,-11.862299439322232,35.7881582311021,5.34753340885041,-20.606123126267693,30.809645986096896,64597.179221415965
52.0,-39.11329143511539,11.901982883125617,-6.58230168848794,32.33422266717773,4.667615327598557,-16.61559594158345,30.61584204508423,65033.14984869066
53.0,-39.11329143511539,10.7620591202725,-3.5837268052842575,29.125612867626018,2.3295528157246213,-15.843625971414447,31.87535140075829,63901.15911100535
54.0,-39.11329143511539,11.800192029662584,-5.967552690166128,30.987458068828534,3.271419550979297,-16.516536808807572,26.16419663732215,64347.839915207776
55.0,-39.11329143511539,11.451826468259808,-14.048159191364885,36.745689032933285,3.5565789194992123,-27.573162731409063,35.44091575106385,66458.6278808952
56.0,-39.15656734369157,11.901115332464386,-8.964580993778307,39.15656734369157,3.125580609063318,-15.51712440101858,39.145031294802905,67014.16939390812
57.0,-39.15656734369157,11.601898351888936,-5.41187809323749,39.0092633668602,4.860248933877076,-9.800313741298488,38.98565436901096,67466.01827066593
58.0,-39.1587281895763,11.59275526017099,-7.57154242628848,39.1587281895763,6.316086083234422,-12.384893311425296,39.14616396596837,67333.60305707903
59.0,-39.1587281895763,10.627243619141888,-8.729881819288364,38.95057622051218,4.752419065150379,-12.320125758673784,38.91518845984991,67821.75158219504
60.0,-39.1587281895763,10.770102989793225,-5.539551619758788,39.04114707244296,5.3880961521495525,-15.932995949224399,39.02942404708386,69294.24903448048
61.0,-42.64350245204198,11.979766937608492,-8.884256537369374,42.64350245204198,2.552740129514489,-13.883425729999804,37.91062626704611,69630.23659502379
62.0,-42.64350245204198,11.966420447361966,-5.30660439171101,33.06702359362795,6.113104021484093,-9.462515590986186,30.384862122962296,69893.4209335256
63.0,-42.64350245204198,12.595307373432172,-6.606354788696025,39.159738025269256,7.28645804873076,-11.968955624153548,39.13268433394929,70126.9911511725
64.0,-42.64350245204198,12.134522496522054,-6.025527123545607,32.04736483004791,6.8014006572846775,-10.52318940965407,30.855548696006274,71370.29563053063
65.0,-42.64350245204198,11.977207643320954,-0.009842451553538467,29.31623624785779,6.668947861311844,-9.82189025653301,23.860322677461532,72384.1556142641
66.0,-42.64350245204198,11.605281181643795,0.19618175129693682,29.285794442707502,3.89069706053774,-9.434939948330918,29.10339215624858,71555.5363646725
67.0,-42.64350245204198,14.427793924280916,-6.057325809906135,38.99811075236052,9.473170195906437,-6.570750323374881,38.95311984731127,70971.56150657003
68.0,-42.64350245204198,10.401859582620904,-7.22260582625354,32.18347044375639,4.864900508039345,-7.970813185086964,30.63432851914798,71233.95755965533
69.0,-42.64350245204198,12.06980092718725,0.13329490262696808,36.149083887144315,7.762707995969162,-3.4352535771012036,31.821986360909506,73197.53597998692
70.0,-42.64350245204198,13.714057089132512,0.05876941780215006,38.987414755463156,7.59860932032087,-6.449625813808126,38.942608884617584,72980.39941943283
71.0,-42.64350245204198,12.402833345560277,-1.3286151279249943,37.85048688860832,6.26551451711051,-6.323995886030755,36.81789386623689,73768.97738017979
72.0,-42.64350245204198,12.01652236994899,-6.029085517587272,33.14774176181337,6.075607629635906,-8.790595289201885,31.170639470167846,74066.67925128144
73.0,-42.64350245204198,12.020845471116633,-8.787230449753835,32.12754089987192,6.233232820127503,-11.56233799447268,30.96230892240824,75328.21717367736
74.0,-42.64350245204198,12.337499115821315,-7.773651794228486,35.526974145462844,7.31083965922064,-9.994573252847328,32.96905698806022,75450.37546152604
75.0,-42.64350245204198,13.358949990963362,0.0038217596974945423,32.34502788944789,8.974228655836653,-4.594275460951778,31.297453311797153,78523.71545422054
76.0,-42.64350245204198,12.088334511907993,-12.066180905969963,39.014813227749165,6.403040473613097,-17.08508593415635,38.990918629974786,77554.19873435129
77.0,-42.64350245204198,12.508865309995711,-7.186406405446135,32.00952759369885,7.057040785290887,-9.66071232085931,30.663061592064665,80481.3417470752
78.0,-42.64350245204198,13.502854933980089,-2.093084970893317,38.70942213285408,8.773503181911469,-5.9087006085921026,38.63942087940077,81247.31635137927
79.0,-42.64350245204198,12.9246464562257,-7.541432343404018,36.68029111127714,7.955720852081247,-9.722485210480876,35.17808875902058,84008.72184667297
80.0,-42.64350245204198,12.259284135925947,-6.0799322182353475,31.930541248623044,7.654757603384918,-9.954363324354096,30.05533723670941,84104.14264203547
81.0,-42.64350245204198,12.42072822041745,-5.394407649049533,37.91426734080142,7.593279334519228,-9.670471309758428,36.74295064611486,82904.93340475965
82.0,-42.64350245204198,11.987727667739282,0.026576017010768282,38.996228206314846,7.092174925441783,-4.5576938115192895,38.96409142176516,85914.87762599126
83.0,-42.64350245204198,13.512533504935076,-2.1658518962098405,37.99277058631825,7.945213064446715,-6.714239125573993,37.340745620186325,86156.72940170421
84.0,-42.64350245204198,11.198567465529491,-8.718686370667399,37.92053450533704,5.321324038558946,-18.60225534216633,37.26328159094194,86957.46233603539
85.0,-42.64350245204198,12.742287311737218,-6.872603625617712,38.02559743442036,4.026749838154563,-12.65630405971459,37.484494521019954,88072.71473500467
86.0,-42.64350245204198,12.803527380622818,-0.22085230413585677,38.19648431520458,6.8222492685976555,-6.772294674577594,37.25431614588319,87337.10629728585
87.0,-42.64350245204198,13.154372689673192,0.4542000201163816,36.69411946431754,7.057352021904142,-4.943641912549847,34.68165514084581,88183.80662263877
88.0,-42.64350245204198,13.00617088955489,-6.06476792081793,37.777824747280675,5.80287084128494,-7.960913535077054,35.17268668866543,88730.88493269593
89.0,-42.64350245204198,12.766069919783789,0.03732521787501497,37.87652181074617,1.952238913050968,-14.370798906839362,37.64576864133876,89534.06534804542
90.0,-42.64350245204198,13.117965090298423,-6.993480753700933,40.82607276995142,6.892208302301486,-10.707762005363655,40.02127168312706,89803.12453948049
91.0,-42.64350245204198,12.529338076006466,3.2459185332689486,39.16216012008896,7.122528689000523,-2.8654670446190416,39.14633746186691,89427.50986649336
92.0,-42.64350245204198,14.249958696863994,0.132303180404449,39.04816941847133,7.238376374878444,-7.3711033275759945,39.00679975187147,89920.34612594292
93.0,-42.64350245204198,14.33441199205634,-10.425497920996683,40.92587200915658,7.878828241665698,-17.109939284068854,40.561944982383196,90559.71218113806
94.0,-42.64350245204198,14.279843095410198,3.238205142246045,37.991166823351605,8.464519124891927,-6.570601092610019,37.22887819885445,91561.27572683513
95.0,-42.64350245204198,14.308428785240478,-0.2155150416428846,39.160694497985645,5.115706155610078,-13.266102939500016,39.10493416894577,90498.11847467243
96.0,-42.64350245204198,13.996510607043314,0.41119194456198116,39.146998540276854,8.015743499887586,-7.042661097438597,39.13624080678285,91880.76642207481
97.0,-42.64350245204198,13.528515827156495,0.21159130670420012,36.78684657012764,4.996131915163852,-11.196527589388023,35.65940445230782,91665.61859316507
98.0,-42.64350245204198,12.141683496802443,-9.419677239541016,36.68566089601856,5.0857627163409935,-19.802509556794973,35.63616321781326,91673.61150030399
99.0,-42.64350245204198,13.785530804122066,-3.395928634769102,37.91022908058173,5.3671967421685585,-11.655490864643888,37.08299616273689,91759.7782463218
100.0,-42.64350245204198,14.211095919468828,2.513753814582337,39.174726081241474,8.538631951429679,-4.195776044100988,39.15895479673547,90675.22273111276
101.0,-42.64350245204198,13.207730883576438,0.0997012048543553,32.350185558885165,6.735226832239103,-6.723298961500511,30.750209283682683,91658.86021172165
102.0,-42.64350245204198,13.809319571195028,-14.001556655719128,32.345975871721755,7.845294669826191,-23.617385176927,31.120826901206673,91109.98830201817
103.0,-42.64350245204198,13.97063624308403,-5.897473620208033,32.891861366772275,5.89386434107826,-12.129044151444514,36.44212303069004,91739.15061583498
104.0,-42.64350245204198,14.220098196006079,0.18991853341824694,39.15417247525006,7.005440577603156,-7.29789385322575,39.137510873702254,89755.53911873896
105.0,-42.64350245204198,14.614435577876721,1.997738732785205,38.957658591328325,8.67377294031241,-5.1961787743976835,38.92026471711838,93862.20259712054
106.0,-42.64350245204198,15.529697933034559,0.11660635306201783,40.90944988463736,9.619367022081855,-6.700113212717074,40.46551108138896,92459.31199100651
107.0,-42.64350245204198,13.927458520163489,0.17046496303957426,38.00423527214547,8.08259237830555,-6.319693190360173,37.358459653787264,92189.97301745636
108.0,-42.64350245204198,14.437329562030977,-8.010409338699294,31.864840402276908,8.535064928534132,-12.686213501572421,30.237817121650497,95299.17478270242
109.0,-42.64350245204198,13.998415576876688,0.10912469001880964,39.08655863168654,8.994319946793592,-5.066762053238907,39.06198530572498,91500.74228343292
110.0,-42.64350245204198,13.63678989075453,-0.056764997405441164,37.98396788077078,7.909935597775287,-8.313755362773303,37.338006298155165,92356.89765481709
111.0,-42.64350245204198,14.609375557091456,-8.321321987554498,40.906693237608785,7.762037791685933,-10.984038996215801,39.89324747270301,91200.33926405426
112.0,-42.64350245204198,15.066485151292152,0.06406647257137976,38.90112156416563,10.76884337710782,-4.533922372513562,38.86047823759392,89949.27832448897
113.0,-42.64350245204198,14.20767827619351,-5.855180865404538,38.86059927042744,8.738619057206998,-8.859188823788749,38.78612365160029,87507.96451254797
114.0,-42.64350245204198,13.651997089955021,-6.022648844725823,40.87465616080205,8.24320814678309,-6.217539504105517,40.177537670340094,86451.87527525405
115.0,-42.64350245204198,14.70957130318494,0.10437446530294281,39.1669182854555,9.225901396882698,-6.395119195174981,39.1477913004035,85474.96394397542
116.0,-42.64350245204198,14.217035550329351,-2.920440491700539,38.96249894903708,8.502686926391743,-8.938198067086189,37.331206115568975,84035.85479283049
117.0,-42.64350245204198,14.856589186552812,-11.474225123157282,38.95108461856111,9.88754407365818,-16.021357572107554,36.90302255149568,82728.04984527291
118.0,-42.64350245204198,14.81728660327628,-3.166282108589435,40.79605316173355,9.81077374325148,-8.719502261367879,38.730275776493016,82324.07094078916
119.0,-42.64350245204198,14.376565036272439,-10.28998630355505,40.95052344728751,10.476764647717118,-18.97010088484889,39.398542242034516,82346.05328083962
120.0,-42.64350245204198,15.572894272779122,-9.094762068755355,38.814754787510935,9.878271794930463,-18.167930890262717,38.728170839277894,82982.75386150084
121.0,-42.64350245204198,14.44985855208086,-4.459001140429599,39.10961849662634,8.980176914960746,-11.016844721455595,39.09550185581941,81327.48202003413
122.0,-42.64350245204198,16.636857708003912,-10.281162881959698,40.871118317767156,11.595176125015794,-13.795579361619197,40.77405121926949,81316.9635868354
123.0,-42.64350245204198,14.458667911820328,-8.558870319280546,38.933659532433865,10.162811846915428,-10.942836228843763,38.89777436264322,82361.37398255068
124.0,-42.64350245204198,13.74543922358666,-9.77112240152195,39.17613013531296,9.681902630413566,-12.998497960432326,39.16445628777656,81044.79160355985
125.0,-42.64350245204198,14.164173476777803,1.9671275208854944,40.90295885157089,10.101283334930121,-3.3547805282873497,39.739604901349544,80766.89962741692
126.0,-42.64350245204198,13.89787608103055,-10.44301231336095,38.979034770823475,8.123579028336925,-14.63119051666012,38.92805851040449,79477.7215693177
127.0,-42.64350245204198,14.537007026183419,-7.270533113019379,37.98318408757105,9.90515468125477,-8.172908549818207,37.1776403000012,78957.66297341569
128.0,-42.64350245204198,16.088032554704107,-12.995376699849581,38.994478506251326,13.177945333297123,-18.527814226622034,38.974356091915965,79773.27399630143
129.0,-42.64350245204198,14.36096999078813,-10.730160426928283,37.724244860430865,9.44343817073859,-15.864317378653775,36.4094048919568,77026.25094866811
130.0,-42.64350245204198,14.258063527136676,-7.201847393625291,40.84144089961269,9.869178734529964,-12.63189731899023,38.85201903360941,78640.38718035187
131.0,-42.64350245204198,15.923172045789103,-11.556061188093848,38.00023988536228,11.542096882694995,-17.579911572259277,37.15495560672262,77811.50262983763
132.0,-42.64350245204198,13.327434709632287,-9.769014501461736,34.29554540841701,8.365790037550171,-13.49513307360182,31.106576956834836,77106.24271786063
133.0,-42.64350245204198,16.964865076535386,-7.318176566082139,40.892413925393136,12.94117717121839,-8.471594404555628,39.73458530587636,77638.38992465695
134.0,-42.64350245204198,15.807024417342198,0.10135795043854046,40.90295885157089,12.24370340045029,-4.239116229717627,39.8936576449869,77584.64841078209
135.0,-42.64350245204198,15.042844886497345,0.12914390795803143,40.91266232608615,9.833273414780754,-7.171436056976422,40.55006647477056,77891.42090696096
136.0,-42.64350245204198,16.93783552998177,-0.010794571945211828,40.89174701958386,11.81524727954075,-6.611677186604496,39.497048058483976,76938.3882400763
137.0,-42.64350245204198,16.257747233981934,0.048231352137147354,40.84261105958531,11.357919719955794,-6.463887212332196,40.05234920327561,77134.9221928367
138.0,-42.64350245204198,16.241679365067725,1.081974210934355,39.082861549981864,11.01655351412029,-9.35649437589067,39.05856296720118,79594.70803882868
139.0,-42.64350245204198,16.013491784580534,-12.196795489925703,40.921103843281735,7.6156428285376565,-18.81608240219696,38.44709844497734,78635.23784548343
140.0,-42.64350245204198,17.18854194865471,0.04190254254628201,40.89308327165176,13.123155856949845,-5.398790230709572,39.56722941602501,77907.55312475059
141.0,-42.64350245204198,16.273550737975896,-10.784162284985587,40.897856284788496,11.471109222883088,-14.80034382718641,40.53634854205795,79266.73503769755
142.0,-42.64350245204198,15.232201787334498,-9.748012587231143,40.87999523883769,10.982810598903056,-13.308159070229166,39.62455030258637,78747.93129599982
143.0,-42.64350245204198,15.205519388093323,-5.882264845557426,40.89265516671192,11.138393359570262,-9.928782842704498,39.73460796588283,77872.20192408927
144.0,-42.64350245204198,17.4916399128594,0.004755788022098528,38.96476078001765,13.21958392456996,-5.467966667142612,38.84067377481755,79221.64492771382
145.0,-42.64350245204198,17.92819014692736,2.0591318907567597,40.89086157164574,13.108098853934997,-5.121911342022077,40.52988242734585,78837.6037832273
146.0,-42.64350245204198,16.56597955308774,-8.141917279249228,40.87975625300263,11.562165605470241,-13.181579269255085,40.04049606269143,76066.395830703
147.0,-42.64350245204198,15.988029663790252,-10.680953160064885,40.86692229970476,11.882315607888652,-15.740996350994799,39.15682121988088,73938.63823738229
148.0,-42.64350245204198,15.315726761495704,-8.166151558783906,40.902368962026124,11.322029470072122,-14.722632708135263,39.63716297408578,74021.5883186831
149.0,-42.64350245204198,15.317463389631971,-1.2961433592162148,40.84992249135024,10.416062310179088,-6.103248005242179,38.89667798953179,73565.88272057558
150.0,-42.64350245204198,15.931409444065173,-9.28200276254568,40.88608572332432,11.065447159101428,-13.558862050626601,40.525282532596464,71916.29275543505
151.0,-42.64350245204198,15.637268824627554,-14.304607712970556,38.02143701027433,18.642464765668112,-19.84429983080718,36.600461758729395,71693.76952297101
152.0,-42.64350245204198,16.40016541272711,-8.114075322150038,40.89108253311254,11.30515910786216,-10.772751164275341,39.38223186889021,70297.16672792373
153.0,-42.64350245204198,15.521228429095434,-9.24510266183198,40.926963700807356,11.728147696605452,-12.421292671021337,39.82832464979776,72353.81617797789
154.0,-42.64350245204198,15.843446913232821,-5.799306966012248,40.027013228240655,11.858124420030059,-9.834639931831324,38.79063293577869,72527.67207270306
155.0,-42.64350245204198,16.79954690831585,-9.685959424034625,40.89243236150831,12.774603537025284,-16.738660156143943,39.796209025744574,71984.15352581837
156.0,-42.64350245204198,16.975358503149995,-5.733033041984639,40.0237239982045,12.180171110307358,-10.645348850819147,39.16534430791277,72606.41608975237
157.0,-42.64350245204198,15.996587268252943,0.147077959625868,40.88630098075189,11.756566622929753,-5.296623021938817,39.79290731693962,71919.72391072454
158.0,-42.64350245204198,16.78667907928749,1.997738732785205,40.87227564142412,11.76391352055038,-5.1961787743976835,40.50897041237258,73650.79986126616
159.0,-42.64350245204198,15.965112301199808,0.03908684744333257,39.17204732318454,10.854129753814888,-6.796184825874061,39.16502496616663,73174.65920838594
160.0,-42.64350245204198,17.058368616745998,-8.311349278656408,40.87478919365113,12.307196026235221,-10.322624953330955,40.10683726764007,75337.01833415753
161.0,-42.64350245204198,16.01818685040324,-5.722871459628477,38.963695319747444,12.394657200566567,-9.548755536319923,38.76771216290243,74538.9106195947
162.0,-42.64350245204198,15.78014730329501,-6.407614631326917,40.879392189354505,12.193770378109242,-11.792787675716818,38.81264228458693,74580.76125139094
163.0,-42.64350245204198,18.16053019044089,-0.006590495959294174,40.89220982710391,14.560140849316532,-4.891998845560739,39.49082455307811,75765.62247201793
164.0,-42.64350245204198,17.045242366296147,0.09257387694948704,40.890640875914364,12.307499027116366,-6.416323835373046,40.52967474447976,73920.5910592772
165.0,-42.64350245204198,17.10934518832568,-1.0902823008674662,40.87217962056569,12.443240546940677,-5.738138420755391,40.102649539160865,73995.1479631009
166.0,-42.64350245204198,15.986519130391912,0.0774837086064295,40.87326162690029,11.865009347283468,-5.331500737630979,40.12285357110919,72598.28903003137
167.0,-42.64350245204198,16.009976676336088,-6.01407759825968,40.021741555517835,11.173908788094103,-6.643673724391785,38.90433735583312,73501.76948765582
168.0,-42.64350245204198,16.068258678745263,0.0974264508117848,40.02923909975519,11.267352094284075,-6.409162696919722,38.64897396382583,72497.38285738237
169.0,-42.64350245204198,17.022709979993817,-0.050298124654773346,40.89198756271528,12.211672138874066,-6.590102798375838,40.53085377390505,72296.98424570222
170.0,-42.64350245204198,15.88331547498637,0.12864252199825188,40.898298350024724,11.02157090682821,-6.374615268145028,40.53684289678463,71586.62702548834
171.0,-42.64350245204198,18.892062705356622,-7.110854287778633,40.924531074873094,14.426949655898373,-7.818593929000615,40.56075247610532,70285.50129517303
172.0,-42.64350245204198,17.110080273642872,-5.915926624996318,40.03736593924409,14.245855378212534,-6.000940002828356,39.13308921234449,69387.04569623957
173.0,-42.64350245204198,16.148333021361122,2.0790238696296974,40.878163176446776,12.889941159555967,-2.2476686971616893,39.27408002189895,68913.44217514808
174.0,-42.64350245204198,15.259592977308666,-0.16477442929912378,40.89265516671192,9.85508741333579,-5.433016152015863,40.450310008968046,69196.87597708796
175.0,-42.64350245204198,18.806081375836598,1.944738086611622,40.877520232392,14.158038118186857,-5.653354577384171,40.03554317820479,69991.2510203555
176.0,-42.64350245204198,16.82601309790099,0.013818098416990665,40.86466208009806,11.721005477577219,-6.821791008610777,40.01244076689081,69607.81279513729
177.0,-42.64350245204198,17.048062799408843,2.104648477556026,40.8973805445219,12.239034622452236,-5.0606839009732845,40.53598791701291,68403.47068058376
178.0,-42.64350245204198,15.62720677682977,-2.9758264965054693,40.02790876575234,10.22177473721697,-9.217645110619312,38.96031295337888,69638.91015224162
179.0,-42.64350245204198,17.619751989051448,-1.4669082223164285,40.872587530922075,13.122450581629126,-6.228682885623311,40.17429045957687,67464.20119916178
180.0,-42.64350245204198,18.05088382164537,-6.335264406302757,40.91366273006533,14.335078450990872,-10.966884194079817,40.63255244341453,67654.95219358396
181.0,-42.64350245204198,19.16357161604009,2.194162277659043,40.913913728595624,15.11371371843059,-4.328759966393882,39.122166985031264,67428.02343687548
182.0,-42.64350245204198,17.880572221187645,1.955780260170254,40.900630320126375,9.839416459604701,-11.539713785317677,38.888306355839966,67358.13202045855
183.0,-42.64350245204198,16.260230385450846,-8.11309277962656,40.8915438408696,10.529874980643315,-13.903332625467257,40.273808513376494,66854.58073255891
184.0,-42.64350245204198,18.469648318331814,-1.4055208804063835,40.88628161921096,14.57224904490459,-5.203967489926651,39.397979159720165,67495.35283826981
185.0,-42.64350245204198,17.171682507548002,-7.303293138411741,40.89086157164574,12.52457050552332,-11.093590283335288,40.52988242734585,68256.75254365415
186.0,-42.64350245204198,18.613934242230407,-10.609730529693142,40.897856284788496,14.932897675118568,-15.432846506683443,39.49280752044365,67705.04134669036
187.0,-42.84142975842831,19.02074989661051,0.024229656674645383,42.84142975842831,15.381408413371389,-5.1217548914789255,39.657016817760436,68069.8844359887
188.0,-42.84142975842831,18.787845198924764,0.04190254254628201,40.91392692478777,14.284630111286566,-6.472026477798007,40.55114692510228,69225.07221720116
189.0,-42.84142975842831,18.622979152370863,-7.990181965285645,40.902252016637156,14.199322784117816,-12.665891333795535,40.54051252229395,68736.12387266007
190.0,-42.84142975842831,17.971159219238903,-8.253643037460238,40.8745228485953,14.244604426542884,-15.255629153170107,38.85219505214363,69678.86505341646
191.0,-42.84142975842831,15.614759573721084,-11.974223442300788,38.96056075233061,11.477114992709541,-18.290534923368522,38.80002338835464,68688.22175430547
192.0,-42.84142975842831,18.758538010074016,-8.037121466178114,40.8745228485953,15.078294884012253,-14.898878870772338,38.820870008632426,70217.520936682
193.0,-42.84142975842831,18.439156446739094,-9.23370191037932,39.03961960933383,14.670864868502862,-13.008282051644825,39.012492079208535,69559.51253289715
194.0,-42.84142975842831,14.899637504760458,-10.691510721336925,40.89086157164574,11.113574879212159,-15.180387169746071,39.73382571474929,69641.51447232938
195.0,-42.84142975842831,16.994934906816322,-9.539773351962394,40.02758347072709,13.243265194536242,-13.076035077759759,38.97598803492618,70341.23971468573
196.0,-42.84142975842831,14.542048228050556,-9.480370631150885,38.82453622161275,10.710217019392182,-15.183073092924086,38.76522455947875,70695.34611199933
197.0,-42.84142975842831,17.5998863740084,-10.447017641614117,38.02369953381684,12.820568360807256,-16.009522669279285,37.35247074331625,70568.89188921353
198.0,-42.84142975842831,16.86124668011084,-11.586179911179071,40.86795054427697,13.099325130516792,-17.428303122160344,38.90799983037444,71685.74493003514
199.0,-42.84142975842831,17.563581004761875,-8.484600664949978,40.90897553142696,13.631906989964445,-10.975431333958047,39.573248943653226,72244.8046814646
200.0,-42.84142975842831,15.935258254105436,-8.52958177140295,40.87652873247963,12.410252662714207,-14.493980758389887,39.10917556059127,74410.30742942121
201.0,-42.84142975842831,18.30507743721455,-6.769865207365092,40.89739805770409,14.00080397410772,-8.372174250911982,39.62249790302972,75959.75925145383
202.0,-42.84142975842831,18.24228783081476,-4.145093758932768,40.031493360741464,13.674682893020359,-6.473347060338066,38.69009286088503,76289.82382011745
203.0,-42.84142975842831,18.09071904580652,-11.718563395711415,40.880238407501125,14.355765603987882,-16.88729996622392,39.313003572833054,76509.58467401077
204.0,-42.84142975842831,17.567761803148866,-10.693150925320001,40.02790876575234,13.787392221333057,-15.613992188185822,39.10849532447082,78438.19940984275
205.0,-42.84142975842831,18.3083347534799,-8.178492719410343,40.879392189354505,14.658114995109983,-14.73871947804042,38.9333954450608,79904.30716285175
206.0,-42.84142975842831,17.2230912681613,-2.1827347886256323,40.902975130913916,12.914531719446941,-7.033319973059498,39.6248749117095,80433.04539536152
207.0,-42.84142975842831,20.367891895679314,0.00015222877123122203,40.91341209178164,16.538207935623888,-5.797181549431041,39.95967764938511,79941.54773162398
208.0,-42.84142975842831,16.050535539718418,0.053261194435684445,38.811369780911335,11.168752386786634,-6.463258754930813,38.72764402193143,79783.417929825
209.0,-42.84142975842831,16.62389799099271,-7.099647924745634,40.88630098075189,11.993428838627743,-10.860730074029362,40.52548651027197,79176.98530652464
210.0,-42.84142975842831,17.592689408306814,-9.155937811808013,40.88059760470186,13.964584345538244,-17.241576553797465,38.97302578122745,79858.63735610888
211.0,-42.84142975842831,19.442720397515124,-0.6552677479949125,40.89219135334423,15.398017631075497,-7.554378097660585,39.304150928117075,78502.092875728
212.0,-42.84142975842831,18.24064778718619,-0.11590193332288834,40.89042044515778,13.507620802488582,-6.939011596923105,39.928590802471554,77272.72634281122
213.0,-42.84142975842831,19.866706210271555,-4.304628083469371,38.05345113353176,15.464673119436986,-9.186783997680301,37.42214069550417,77573.66075889434
214.0,-42.84142975842831,17.808482454955126,-8.078191258124264,40.89198756271528,13.333116883999564,-12.42268437531191,40.60807857194298,76129.44147237095
215.0,-42.84142975842831,19.09486336454937,-8.219936677144103,40.87478919365113,15.45968833366665,-10.748836872401128,38.950570604764216,75787.79263094092
216.0,-42.84142975842831,19.28251068175436,-8.043130339085128,40.91669884905001,15.949812926641917,-13.949893493593478,39.824951371740255,76418.5447294083
217.0,-42.84142975842831,17.96988997994699,-9.248125068018172,40.89088026383984,13.926212506990398,-17.722765181914,39.399325397216074,76743.48431304212
218.0,-43.17740396226538,17.4779503083044,-8.069296061714626,43.17740396226538,13.41685554490533,-15.578867487539096,39.869561160801176,77146.66347441304
219.0,-43.17740396226538,22.158492163672104,-12.684115072648753,40.89739805770409,18.553372959889295,-20.229370832447998,39.40130332814779,76801.26932293826
220.0,-43.17740396226538,15.813927146128117,-10.64478708687719,40.924408488036974,11.238332696450037,-15.774215069942056,39.48628526600629,78028.94698609275
221.0,-43.17740396226538,19.402267625354217,0.11660635306201783,40.90203352658855,15.656028053001005,-5.017036701878755,39.656816015662855,75364.050451341
222.0,-43.17740396226538,19.394439547575605,-16.766599598706904,40.91416508861507,15.053553268295387,-25.74723419739056,40.55143205760237,76612.86064139727
223.0,-43.17740396226538,18.12347118392104,-2.9517709453465457,40.86792036311018,13.201538053825685,-8.752786293746784,38.82155782557478,74487.13264160525
224.0,-43.17740396226538,20.391991046977868,-7.954654725512517,40.90703327085481,16.22372924644782,-12.261636080852366,40.62243052934987,73128.65231691358
225.0,-43.17740396226538,19.202993625884204,-0.1041689168919504,40.881227317819366,15.464079819480375,-5.3196625971146645,39.05101235135647,72877.27200542038
226.0,-43.17740396226538,18.54121117557893,-5.178392227630894,40.87652873247963,14.181212284041548,-9.059386009640061,40.1109292105925,71621.87388156538
227.0,-43.17740396226538,20.413066253706955,1.940497652297843,40.880763616674145,16.172529766718814,-4.889398481185982,40.597261798742025,69949.6060548248
228.0,-43.17740396226538,19.442247910521726,-5.814581188337915,40.880478101008194,15.014980533393288,-5.816696984796565,40.04184415984838,70006.37260249814
229.0,-43.17740396226538,19.162448278260594,-0.0004394521440431731,40.88956025498776,16.02984476019074,-4.12157963768896,39.958111310473626,68640.46952477991
230.0,-43.17740396226538,20.31270641936941,-7.171600443784973,40.914429843541484,16.156094071146043,-10.957642162309263,40.55160379526018,67917.69454625304
231.0,-43.17740396226538,21.413814341599153,-2.947268015772318,40.89088026383984,18.091215782231856,-7.394557258686799,39.49034646160922,67936.78468850948
232.0,-43.17740396226538,20.712359985165648,-3.139989658212821,40.900152740505945,16.603129161642816,-9.021495495648951,40.61502881599202,65167.50974118295
233.0,-43.17740396226538,20.416347421960964,-13.11875863145057,40.89580332099969,16.415319862957805,-18.712325706118285,40.61174760044233,65430.91785665345
234.0,-43.17740396226538,20.83298328098561,2.1790116692162265,40.889999206429685,16.872222470031005,-4.255008504983515,39.47608521527009,64319.10766351843
235.0,-43.17740396226538,18.349452850378853,0.014894809471414305,39.01952827001809,13.446494797846578,-6.826166163738769,38.97409459420633,64444.69894801554
236.0,-43.17740396226538,21.610126731697065,0.06667413773030972,40.88976073518275,17.59182836707552,-6.448773737519158,40.52884586992154,65632.9552166395
237.0,-43.17740396226538,22.411773043629992,-0.05449990048020581,40.914178203111604,18.501618815865427,-6.5904940427982766,40.551375245174924,63403.510269566046
238.0,-43.17740396226538,22.62976904720405,2.112480305293797,40.917898013261194,18.91086702162144,-5.055524726676982,40.553900555705255,63776.40321932668
239.0,-43.17740396226538,20.038834796037385,0.06657653954999887,40.88630098075189,15.506130804140168,-6.762773949435772,40.44449001521924,62954.201397070654
240.0,-43.17740396226538,21.790327455609322,-3.0002850898499798,40.9111723566293,18.002372018269394,-9.052025392902522,40.54870905483381,62199.42465179833
241.0,-43.17740396226538,21.226280079580693,-11.449161022817135,40.90653564091255,17.361090235808156,-17.347952743023814,40.62202423329031,62987.18006156983
242.0,-43.17740396226538,20.945481932714866,-2.9523464578253833,40.92655679329222,17.385887642156018,-8.445955495753246,40.7854443165976,61235.33004064616
243.0,-43.17740396226538,21.41992949147764,-0.22490558210922984,38.99721998684701,17.472583092939104,-6.506240601420654,38.95627003654128,61090.188920501634
244.0,-43.17740396226538,20.98993078452379,-3.063611046366594,40.91291189101771,16.90525898900877,-9.125455491309472,40.550293502208454,60862.62572865591
245.0,-43.17740396226538,20.56798975667927,-3.0282045023730753,40.91316181250876,16.58675272756626,-8.886437639562434,40.62824120442434,60548.7546140065
246.0,-43.17740396226538,22.101182180598503,2.1397800919690546,40.909205186834285,18.263586455080244,-4.655952781129155,40.62453686505462,59928.19080206312
247.0,-43.17740396226538,22.55936248199191,1.9059247192517397,40.89265516671192,18.427152142348,-5.705018130068499,40.450310008968046,60205.03226924885
248.0,-43.17740396226538,19.229080026012827,0.06310451193247957,40.88630098075189,14.51224434585585,-6.768933446990992,40.44449001521924,60662.57972414982
249.0,-43.17740396226538,18.643772173381716,0.055606151867401366,40.880503197345334,14.346311437717263,-6.461218107176119,40.117733072099995,60281.20711811657
250.0,-43.17740396226538,22.46547510765239,0.08684867429493792,40.91517416867701,18.466086532182132,-6.425806497439517,40.552347033156124,60802.398102151164
251.0,-43.17740396226538,19.5835078139094,-3.869628156236331,40.914178203111604,15.372363297691686,-10.637101896279024,40.551375245174924,60995.31754567426
252.0,-45.75425595558045,21.641079196772242,-2.9385741387708126,45.75425595558045,17.63602637996029,-8.661899759760226,44.401630210645514,61293.95092200126
253.0,-45.75425595558045,19.356371846063965,-3.105941255012331,40.892636768600646,15.14181503512917,-8.97795149959953,40.608778640567806,62586.57175632751
254.0,-45.75425595558045,22.43780984581109,0.0649763888870929,40.91291189101771,18.661200372528175,-6.155167880678281,40.62800792815783,61399.46686859528
255.0,-45.75425595558045,21.6389699889931,-2.9909509727792756,40.906292082352415,17.62353852611318,-9.040585332131773,40.543111342029874,61897.8208354876
256.0,-45.75425595558045,22.084924918103052,-8.05199001155062,40.890659603294274,18.21438005927093,-12.39377487264095,40.606797218613515,63359.35382200472
257.0,-45.75425595558045,18.278087297719615,-13.961135296073456,40.8973805445219,14.325231471728294,-22.77307347149743,39.40139434849122,63066.96831758221
258.0,-45.75425595558045,22.472814089964675,-7.996120552753959,40.913676007324696,18.579834498682303,-15.43707560692011,39.38835076328455,63071.29976635965
259.0,-45.75425595558045,19.704780755291544,-13.107530697380287,40.8915438408696,15.699789692384222,-20.678082031871586,39.399531602225146,63666.69918728608
260.0,-45.75425595558045,21.005985819351803,-0.11391385686399502,40.8915438408696,17.058206354556184,-5.908071417607886,39.47664178857238,62061.275750482884
261.0,-45.75425595558045,22.26269285792387,-7.22831763265822,40.87392865186534,18.27188174777686,-11.01603386389018,40.10597671691942,62304.94486861845
262.0,-45.75425595558045,20.501896678413363,-8.21445801975023,40.89694098661275,16.98000988653283,-15.118294786945935,39.492491373732406,62843.77819798872
263.0,-45.75425595558045,21.90475200666208,-7.1216232670975455,40.892636768600646,18.412016024540428,-11.251481125337863,39.39997201245605,62608.73650824569
264.0,-45.75425595558045,23.85296616447902,2.0772844469540352,40.92933412272888,20.308665511204175,-4.377195984661732,40.716521565708504,62502.360207381666
265.0,-45.75425595558045,19.666658552061456,-5.916325190851214,40.90703327085481,15.226874753567888,-10.510924463962816,40.46327666836755,63199.39692886871
266.0,-45.75425595558045,19.70887265237261,-2.4867552835926805,40.91747823580352,16.00868743436986,-5.129632037345036,39.80885927214719,62484.7592642317
267.0,-45.75425595558045,22.569024468890774,2.055319225265805,40.88630098075189,19.415484844279245,-2.7577401050988044,40.607118365121245,61201.93647208425
268.0,-45.75425595558045,21.07145755884524,-0.18731219657084708,40.905096293173756,16.70227069451269,-7.076755458582687,40.46163514762429,62553.26493978895
269.0,-45.75425595558045,20.942382088298668,-0.10711902956463248,40.881182333689054,16.823520449804015,-6.654555927236487,40.520715672942984,62766.66313475389
270.0,-45.75425595558045,20.79242836778414,1.9586117218984143,40.89762702631106,16.54580920447837,-5.2451407700445145,40.53613476323885,62576.02359646979
271.0,-45.75425595558045,22.429520915308967,-3.086277870624386,40.90179889616488,18.484505890506124,-9.364326752158144,40.45858997818454,61400.24517329702
272.0,-45.75425595558045,20.3408398029306,-2.90428916226584,40.901333378243876,16.50541196942537,-8.734332024125287,40.61608768668046,62887.34603846553
273.0,-45.75425595558045,21.866449619680825,-7.11342910525252,40.8973805445219,17.95768452077561,-12.874272037728062,40.613329338567134,60821.496418117065
274.0,-45.75425595558045,22.597410580096398,-2.8544316418119227,40.90822977439966,19.14808844601781,-8.496740350977515,40.697546307879996,60963.5443200655
275.0,-45.75425595558045,23.837471017070307,2.2541153428314935,40.89219135334423,20.12295277593344,-4.514405891263671,40.608349823287405,60820.18096182672
276.0,-45.75425595558045,21.52115408730388,3.223314421930205,40.89108253311254,17.316504947347816,-5.748394358712414,40.448973953582914,60717.19379685506
277.0,-45.75425595558045,22.123923720353922,2.087038145155379,40.87652873247963,17.505707992206887,-6.839956100349266,39.862666058886774,59360.172332222966
278.0,-45.75425595558045,22.607293598068562,-0.661778017784858,40.91166760774064,18.175499403486594,-8.365055337624364,40.29062309959587,58982.81230798414
279.0,-45.75425595558045,24.115544511081367,2.05508948623568,40.898776235016435,20.3832141849471,-5.126470044378063,40.53720565162865,58196.26175487111
280.0,-45.75425595558045,22.849703966804828,2.086300818408837,40.89852853152048,18.7471950558684,-5.478543451789783,40.455735431723,57581.58635726932
281.0,-45.75425595558045,22.734483868450603,0.07868257564637915,40.89311322753529,18.754417153573215,-6.7544716043885344,40.449493195489325,57168.6052738069
282.0,-45.75425595558045,24.2531509682874,2.1836038646622917,40.91069270078146,20.511241356496242,-5.092370849415158,40.5481994721104,56866.622157770165
283.0,-45.75425595558045,21.67708137542271,0.07017937870236679,40.90701170216603,16.96104049457896,-7.4514945175213025,40.28553798404837,55961.378426289586
284.0,-45.75425595558045,25.510105943985614,3.263392618341676,40.89088026383984,21.737156432369847,-4.920370679508963,40.52981191515614,55964.39986649592
285.0,-45.75425595558045,22.77194026765114,3.0614325708230083,40.890659603294274,18.643459041246015,-6.145600796893422,40.27306079952021,55532.49631566171
286.0,-45.75425595558045,24.39622300549971,-3.1536254920640197,40.9058139271372,20.501409100880384,-9.665979658790937,40.374974504317805,56238.64298843577
287.0,-45.75425595558045,24.065345663562933,-7.921307619902152,40.885056800106135,20.664962370424227,-9.9545586354976,40.18826144479288,56425.79566714959
288.0,-45.75425595558045,22.518178020332456,0.3405544441946766,40.87285802679715,19.262150481033167,-4.215558350568131,39.10091786506333,55275.823015673086
289.0,-45.75425595558045,22.26001321797851,2.345364665259357,40.89831567486895,18.23179918654812,-4.773374122049894,40.53677669714804,55672.14277533266
290.0,-45.75425595558045,26.760227654064032,3.124265007494973,40.88587071536321,23.441421143682643,-5.26796767369661,40.444094040164224,54584.346789058465
291.0,-45.75425595558045,23.88111169053218,-0.09606204132776952,40.893755079766756,19.84996694865697,-7.302811643900991,40.36593778233223,53373.45277008007
292.0,-45.75425595558045,23.650811322005573,-8.041339317454726,40.88606633341178,19.90766183904735,-10.226871264015902,40.52535580919575,53335.417531089
293.0,-45.75425595558045,23.62191056489312,2.223236500693176,40.90944988463736,20.543461012040677,-2.7234091588367946,39.82150199590104,52715.54871010987
294.0,-45.75425595558045,26.103697454034208,-1.7976507821771204,41.51373018936664,22.616562303238037,-5.615384750304315,40.45929897311719,51711.82533953848
295.0,-45.75425595558045,21.6563022138334,-3.10228342963968,40.913676007324696,17.575148962933106,-6.959186516965644,40.46916538282012,52280.95537803334
296.0,-45.75425595558045,25.764612838750814,0.007437767513895466,40.89042044515778,22.935796589754514,-4.608819738955152,40.610836724953955,51400.25408189275
297.0,-45.75425595558045,23.33284820378723,2.0042124211240946,40.88419549673583,19.749198172985803,-5.188267206459095,40.52231754990094,51611.65814341247
298.0,-45.75425595558045,22.831851327739678,-3.4870049831374033,40.89343121501348,18.93004845417772,-9.364742532529917,40.05568738352953,51018.31410855714
299.0,-45.75425595558045,24.625813842095383,-3.0452118470665077,42.64941041406213,21.188697108504517,-8.910517076084705,42.07905840650413,50913.5760587242
300.0,-45.75425595558045,21.41758199416479,-3.0237121080680023,40.89196905166844,17.61128084166956,-8.885623680532834,40.60813570853159,50789.15948444248
301.0,-45.75425595558045,22.52376924715918,0.00694655527244592,40.900630320126375,18.60801176368776,-6.2220116306709805,40.61636103090876,51470.5455224684
302.0,-45.75425595558045,23.810118272447358,-0.0986477976426059,40.89433814479122,20.009495157449646,-6.642638250190586,40.133802720905265,52063.65658755804
303.0,-45.75425595558045,23.665307097903955,-4.827686106485879,40.894251226381314,19.81596174896233,-8.73768545906145,40.53180082875409,52879.92099745023
304.0,-45.75425595558045,24.22009490894494,2.0301224671647695,40.90559040700141,20.631886414229815,-4.780956083499323,40.62106793278359,54599.29551582037
305.0,-45.75425595558045,24.039689503365583,2.0173197826477107,40.89739805770409,20.10207403268904,-5.56372606263886,40.45461925837294,53726.92198099813
306.0,-45.75425595558045,23.597132477946484,-4.641473589938922,40.89333615888125,19.80484483152351,-6.812766296472494,40.44969833909223,54034.81573641396
307.0,-45.75425595558045,22.693494228548513,2.0094124154057127,40.91092525394237,19.562550947140977,-2.6572493468955685,39.668551177288464,54246.43463902338
308.0,-45.75425595558045,22.509863884100792,2.0459183017010183,40.89198756271528,18.43482899382095,-5.532460514988152,40.449701014219556,54389.58341791257
309.0,-45.75425595558045,23.54447463629595,3.3654628731619987,40.900635915627696,19.16953602098628,-6.203532745028969,40.27990668770719,54229.44150176285
310.0,-45.75425595558045,23.595288725691002,2.1876764267250373,40.89110118977559,19.21803781582085,-6.552235821189836,40.273434339765856,54742.95654435169
311.0,-45.75425595558045,24.382908010323966,2.2541153428314935,40.899006956093785,20.156972671864803,-6.643311939408555,40.280075996873165,53501.48076575069
312.0,-45.75425595558045,23.23114666082465,2.2321819142365733,40.88421729324745,18.983543438880304,-6.260956986454513,40.26588584042375,53953.485721716774
313.0,-45.75425595558045,24.565228539208128,-3.0423029198444613,40.908716807095686,20.38162332660765,-9.541556479220981,40.37891103693433,52808.64733984132
314.0,-45.75425595558045,25.61738041086574,1.9661366060170913,40.898776235016435,22.304496869507776,-4.862847998836614,40.6145927388719,51634.43797105158
315.0,-45.75425595558045,24.663037895228047,-6.61429248155096,40.913676007324696,20.98906580159646,-11.226622005718427,40.46916538282012,50429.44119453534
316.0,-45.75425595558045,24.868901925262353,-7.216113539411494,40.90897553142696,21.429336116389685,-8.014277347187669,40.69966180608558,49835.35110875083
317.0,-45.75425595558045,24.51559253996283,-2.987081182258647,40.9046349572138,21.494765514553748,-7.244025804379552,39.89447940198448,50160.17013510568
318.0,-45.75425595558045,24.138682828707925,2.0701767548526995,40.91618913377626,20.469959231378688,-4.740169523102502,40.631059147777904,49922.25593986076
319.0,-45.75425595558045,24.969546674050907,-3.016154565492519,40.92231239268748,21.364421502308293,-9.368406562762091,40.47570371405662,49710.07878319971
320.0,-45.75425595558045,24.317329730099303,0.35467610449648745,40.91772279773818,20.518964730286317,-5.8005388872195525,40.63248119578083,49903.93297798418
321.0,-45.75425595558045,24.12719279001288,2.9386545101518706,40.91341209178164,20.440767877710954,-4.7816635893383115,40.55074823926096,50175.193377038886
322.0,-45.75425595558045,25.795790849265394,-2.857016218590413,40.892413925393136,21.653209791532273,-9.548790243212853,40.27466146122481,49903.26718736919
323.0,-45.75425595558045,24.82969363667648,2.084425648690715,40.907516842858435,21.374162314122213,-4.7207818663827155,40.622886520004656,49611.18815145035
324.0,-45.75425595558045,26.762083508127052,2.225297909035689,40.89243236150831,23.287678941201225,-5.308132911427499,40.45010682976648,49618.41415176698
325.0,-45.75425595558045,24.46005225542797,0.04177089400366896,40.899700894141674,20.6791806074809,-6.794209318736861,40.45670041794261,50350.78269585302
326.0,-45.75425595558045,25.8867727496721,2.0666912541910243,40.911419807503144,22.26877477433165,-5.113055738555779,40.54893472905941,50676.7707894075
327.0,-45.75425595558045,24.34019882462926,1.968105116297231,40.895149868876466,20.48748514739568,-5.623683870280562,40.45125860154196,49108.366100013394
328.0,-45.75425595558045,26.62337740433492,2.0924012457043055,40.91213151586878,23.19329467171322,-5.470194257867426,40.46666477859611,48726.419920183616
329.0,-45.75425595558045,24.036953678193367,2.086300818408837,40.908716807095686,20.216078179803652,-5.478543451789783,40.46486043168258,48535.743487641914
330.0,-45.75425595558045,25.798639862387578,-3.0288858459856893,40.89152525631222,22.037615768732543,-9.291503618378538,40.449378067453026,48216.10229016644
331.0,-45.75425595558045,25.987895649301937,0.004755788022098528,40.89196905166844,22.490592533133075,-6.224802948529284,40.60813570853159,48922.63559660921
332.0,-45.75425595558045,24.582127057876882,2.131675321795221,40.89563207318226,20.884537265678922,-5.028019020991266,40.53106270977408,49985.23669270517
333.0,-45.75425595558045,22.940285522464293,2.0403515684258053,40.89716937809435,18.763407774877205,-5.530071279171793,40.45441219039667,49264.59244761379
334.0,-45.75425595558045,24.250758405839232,2.061472298534735,40.89692338172439,20.278189927012882,-5.509203493312384,40.454284254305136,50465.83564606059
335.0,-45.75425595558045,26.213577973289325,2.1618261654179705,40.912379015370234,22.509478950021233,-5.386496282515239,40.466886351875445,50500.32871034385
336.0,-45.75425595558045,25.907117256872766,3.2320826665083917,42.548786568756334,22.18334499099746,-6.43128338830126,40.496353663664905,50715.07103089
337.0,-45.75425595558045,25.500890640346306,-0.4643635109621229,40.89398050729407,21.66328269317151,-8.257847309979509,40.273808513376494,51334.13874824821
338.0,-45.75425595558045,21.204744699243893,1.940497652297843,40.906753185555466,17.042767521807264,-5.261296445794361,40.543625764460685,51383.41780485166
339.0,-45.75425595558045,25.533004004004884,0.10171306602860497,40.90038438480384,22.132120391896557,-6.724521061523756,40.456151220800066,50773.61151028346
340.0,-45.75425595558045,26.13709342539129,2.040789749311184,40.91460586080641,22.686641874331677,-5.143565589635049,40.550918834548455,50241.11383660897
341.0,-45.75425595558045,25.092606550888814,3.2571910632373466,40.89582673393429,21.438811352639224,-5.172370887196184,40.4518800283002,49488.75402625702
342.0,-45.75425595558045,23.51004196868344,2.084425648690715,40.91067849827189,19.168769991594417,-6.597042039894738,40.28981685562832,50328.42998661815
343.0,-45.75425595558045,25.432581273219352,0.1014947979650529,40.91065369607045,21.443017994446546,-7.408093348221348,40.28828162229527,50348.39434439594
344.0,-45.75425595558045,25.110621890902415,1.9734214255557205,40.906771509281064,21.52946285541606,-5.220332397124881,40.54355769424771,50361.126065234435
345.0,-45.75425595558045,23.771906997188804,1.9904710979277347,40.91638669714026,19.660899906702596,-5.591667747059578,40.470461696080086,50048.88365207727
346.0,-45.75425595558045,24.702873141231553,-0.02061383336743461,40.90108012013742,20.762927721342088,-6.865760561893598,40.4580348241842,51083.58549340084
347.0,-45.75425595558045,23.499248784627163,1.9945215091115784,40.90557532391316,19.61021416816396,-5.200110578963315,40.542443444045986,52129.23926255468
348.0,-45.75425595558045,24.405740331573266,2.124612889823048,40.90845963596983,20.61848568854831,-5.434969639271081,40.463367189263586,53068.581287913796
349.0,-45.75425595558045,24.741137822746364,2.0306464102402693,40.90535106372916,20.828570238817147,-5.547269442260987,40.46177484158966,51775.46964876214
350.0,-45.75425595558045,25.717569193652338,-7.101204262102398,40.904396892730766,22.133582641616098,-12.77274161400374,40.46092113362212,52741.35877591068
351.0,-45.75425595558045,22.398289555863652,-6.99595171596938,40.90605456165303,18.82997378636377,-7.789375182626288,39.71696268928744,53079.40331157206
352.0,-45.75425595558045,25.19561506540651,1.9590348247987457,40.91978907036828,22.469820324356206,-2.720060945639336,40.12028341838317,53875.85213617449
353.0,-45.75425595558045,27.10642113958119,3.230475336129963,40.90535106372916,23.716317787331672,-5.582864835352758,40.46177484158966,55195.9443095825
354.0,-45.75425595558045,27.045426956627736,2.234510488324222,40.91118641088388,23.21182652972776,-6.540493513135743,40.29012902616352,55089.96935944003
355.0,-45.75425595558045,23.200363816441364,-2.817855494563849,40.91366273006533,18.67175604173663,-9.494684568019043,40.29224457963042,55594.97909389014
356.0,-45.75425595558045,25.58346274864176,-2.20725040751131,40.89110118977559,22.028249550450123,-6.8359579917472395,40.607223559570805,56472.79225916677
357.0,-45.75425595558045,22.541500720747248,-3.378998354313522,40.89219135334423,18.916978694413647,-5.967205652125703,39.946990390762856,56981.227057745244
358.0,-45.75425595558045,25.816929959592557,1.9945215091115784,40.89220982710391,23.645712775544812,0.5406937877875819,39.86644726051932,58915.368343368726
359.0,-45.75425595558045,22.053979589454762,-7.047664868228866,40.90179889616488,17.86363352226846,-11.093915314715204,40.45858997818454,58649.37602692473
360.0,-45.75425595558045,23.975253995967886,-7.082092974503379,40.911127686675556,20.77210700381474,-8.304427925105959,39.496472664255656,59431.21148236931
361.0,-45.75425595558045,23.485215172997044,-6.006069026811644,40.90725971480817,20.454396811416643,-7.018202381127814,39.895925073060695,60021.2177096524
362.0,-45.75425595558045,23.21987267305233,-5.990791912493506,40.910881830412734,19.50607408230519,-6.013834245847799,40.62528004717182,60096.229654220115
363.0,-45.75425595558045,24.82316169454901,-8.311298750800223,40.90845963596983,22.02741886838706,-10.225159412601093,39.968096193061555,59766.53448636083
364.0,-45.75425595558045,24.324545153452956,-0.11660195582972932,40.90295211860237,21.320384938052957,-4.744100594978242,39.81723756538189,58781.668492949364
365.0,-45.75425595558045,24.798781370643297,-5.892594017779764,40.90918800604933,21.198472316553698,-6.443751193982962,40.545802642691115,60120.79993090664
366.0,-45.75425595558045,26.61791818563485,2.247600310402593,40.89760955959398,23.429907142328684,-4.892261921532562,40.536201363964636,60223.47547221091
367.0,-45.75425595558045,24.960536788832925,-6.003403920157757,40.90749305187843,21.168247173655843,-6.032081704271028,40.462495950200235,61670.04703559608
368.0,-45.75425595558045,22.226519911290648,2.256829082046771,40.91512452281683,19.22829333561306,-2.0501602968517076,39.97182679108129,61167.75446097152
369.0,-45.75425595558045,25.176281682024037,-6.3108690762086415,40.891765567562594,21.562889014275797,-10.893929415047502,40.4494983771439,62975.13403126173
370.0,-45.75425595558045,24.520349014479123,-1.3974624078080655,40.90110059406799,21.284561013610517,-6.183082242564124,40.69189121703553,62810.46056111326
371.0,-45.75425595558045,25.11750068347792,2.0935391706432824,40.902033521474294,21.995124715296708,-3.715899222454869,40.62135952534154,61646.461173867734
372.0,-45.75425595558045,25.567863534055103,-1.1307004632101485,40.91638669714026,22.09528813648778,-5.70615816279331,40.470461696080086,63206.97924800625
373.0,-45.75425595558045,23.73097859709563,3.2271973789636164,40.90995472231782,20.557103380772006,-3.263170951926483,40.629187352743095,63799.155957027644
374.0,-45.75425595558045,24.729869642938215,-0.8978585491110191,42.53437701372994,20.92163232574061,-6.230204058946757,40.48217539571189,61621.79222714463
375.0,-45.75425595558045,25.127931320665358,2.0831640613836697,40.828520449913775,21.544047390455397,-5.485313674148202,40.378224257892285,62907.48808325514
376.0,-45.75425595558045,23.437663669385692,-6.65234054882408,40.8973805445219,19.612645470017775,-11.277020622674392,40.45469792874574,62595.34634794618
377.0,-45.75425595558045,23.021747982739125,-6.934330858007766,40.89041282528693,19.71868265057225,-7.673269096069377,40.67496434379096,63706.11167844354
378.0,-45.75425595558045,22.556534947419177,-6.355657415271773,40.91487316623301,19.707933264214873,-10.659902017064725,39.899001279562256,61310.32749182666
379.0,-45.75425595558045,25.39753438669214,-4.941305743719667,40.915934836276996,22.17771677577734,-7.979659882213708,40.70490950590709,61023.63505439095
380.0,-45.75425595558045,26.04792279189152,-6.041036870248673,40.92047310549129,23.09064606489403,-9.896677473315025,39.89246062147701,61074.2677324243
381.0,-45.75425595558045,25.04029201738244,-6.235308363343103,41.528349739215,21.914991373143593,-6.965993546052559,40.51874871926309,60114.967940019604
382.0,-45.75425595558045,24.485718447921546,-5.814746042848575,40.90771610998413,22.044737140634695,-5.819534537445567,39.896116159567434,59755.2198087957
383.0,-45.75425595558045,24.930806346953673,-1.411334944714814,40.91539257860948,21.964166439765687,-5.089291297642351,39.97191612765532,59669.83093473922
384.0,-45.75425595558045,23.47115222103688,-6.78990262204508,40.89042044515778,20.078622339813986,-12.19582025534508,40.61133724228329,59294.89590577046
385.0,-45.75425595558045,23.967320530336455,-7.068907641416137,40.904368164446325,20.811391081879993,-11.799025122458858,40.69500725373583,58889.43970472921
386.0,-45.75425595558045,24.449802637961447,-8.241744163561878,40.91613353932236,20.906182472353677,-13.844175218343532,40.7044491154401,59549.37018499919
387.0,-45.75425595558045,25.880163320744945,0.40288825452764954,40.904368164446325,22.164701677025672,-5.702452523464242,39.624269395078926,58920.17343685824
388.0,-45.75425595558045,26.68234088132318,1.1650595075290653,40.895088910790996,23.43080668297146,-5.355485616187796,40.53287473341662,60357.926109024236
389.0,-45.75425595558045,25.018055330653805,-0.2788271140152254,40.91335581500296,21.244465013715264,-5.616353408133058,40.46785125917728,58933.41091449934
390.0,-45.75425595558045,25.350048230662484,-7.268997299792813,40.91638669714026,21.611792981906305,-13.20571485923503,40.470461696080086,58424.02766663448
391.0,-45.75425595558045,27.098316786865944,1.9869895839445277,40.889145588075515,24.017964568096254,-4.483782848297675,40.678058574211136,59587.166547148416
392.0,-45.75425595558045,26.39766680481292,-1.5006310571550028,40.90873157981292,22.846099135200433,-6.050331173893184,40.464788596088816,58597.13910607363
393.0,-45.75425595558045,27.775822402775358,2.025647328192978,40.893803538410864,24.815657634544106,-3.7918127028295565,40.61369737672915,58816.37819670709
394.0,-45.75425595558045,24.83625066093306,2.158214266018124,40.90768059873375,20.996264535924393,-5.582864835352758,40.46295138900458,59141.992231878925
395.0,-45.75425595558045,24.42891987831498,1.9815588300876428,40.90725971480817,20.346480855986268,-6.457260305263535,40.28701822447435,59168.57118291867
396.0,-45.75425595558045,27.932305047852825,1.9962388136924858,40.91063631271954,24.716570909960552,-5.590991495612304,40.46541801876572,59986.228904704425
397.0,-45.75425595558045,26.027189434451124,0.04792820547527654,40.88134719492939,22.37440863504284,-6.786126808985717,40.04268471081735,61326.28245653058
398.0,-45.75425595558045,25.833500025274347,1.9209663430268122,40.900152740505945,22.143700635560666,-5.2900029835131654,40.53745857941945,62518.15771091405
399.0,-45.75425595558045,25.562478534220137,2.165449380606585,40.90248731826091,21.699898561013647,-5.386238085847868,40.45929897311719,62381.99338862245
400.0,-45.75425595558045,23.92175287073427,1.9913172253932885,40.91512452281683,19.900129633360322,-5.5958357334932245,40.469338246585046,63158.903917835574
401.0,-45.75425595558045,25.336135205231276,1.9087842167485114,40.909675236296366,21.762006006777998,-5.701487087597243,40.46446101007122,64212.03903810542
402.0,-45.75425595558045,26.041905007321247,1.9268431140109286,42.627644740295885,22.388982576362896,-5.675452363118314,41.7347446831694,63780.94193716909
403.0,-45.75425595558045,26.961314759084594,-1.2679460166051353,40.91713280407257,23.64607510412688,-5.854244683870512,40.47121254876906,66043.92006449649
404.0,-45.75425595558045,25.311032769861857,1.9257079210613384,40.89760955959398,21.879195036507625,-3.912956655249122,40.61798641729499,66139.16746355951
405.0,-45.75425595558045,24.909889395723273,-1.515437100861325,40.91287504992796,21.067238209702815,-6.17672506695008,40.46733015721291,66299.38487945535
406.0,-45.75425595558045,24.975267271352156,1.9650007716612379,40.90845963596983,21.682017720913915,-3.866693171648773,40.62727578583385,65830.06108301625
407.0,-45.75425595558045,25.847818824206925,1.945482403776147,40.89402724694368,22.08977339958194,-5.646439619176725,40.45022663998886,66297.62618849735
408.0,-45.75425595558045,26.02076248773394,3.2772081928552907,40.904159145399284,22.32249785692668,-5.109488235586973,40.460708211358806,67113.26975282229
409.0,-45.75425595558045,24.219456552332773,1.9692410013950798,40.88673224677096,20.072988850116918,-6.037246529971586,40.35962699776438,67420.50563159332
410.0,-45.75425595558045,24.9680258951819,1.9126141037285187,40.91487316623301,21.098108257682956,-5.687027898813181,40.46911423297836,67444.61155270657
411.0,-45.75425595558045,26.10091667356749,-2.8607833248992645,40.902722929580214,22.657527924887425,-9.08867937146235,40.45951035488163,68625.4865957924
412.0,-45.75425595558045,26.563164004481415,0.05426965288455676,40.904159145399284,23.25309104884984,-6.168134691153362,40.61971331815341,70211.03183874549
413.0,-45.75425595558045,25.94172565315272,2.0340131936937915,40.91291189101771,22.359529243724346,-5.151847310545026,40.550293502208454,70573.54927488952
414.0,-45.75425595558045,27.239530235464557,-6.624147368056255,42.55017070998339,23.77621826683006,-12.502142067182726,40.841382477493916,70670.69571182667
415.0,-45.75425595558045,26.93709267987263,-0.04812297859408332,41.66179766724391,23.856053588056117,-6.012104454138964,40.69989620064179,72552.11679997286
416.0,-45.75425595558045,22.06044547239307,-6.421862079730214,40.91039113248447,18.132681701557775,-11.270737284350886,40.54699935337243,72421.51866846281
417.0,-45.75425595558045,23.907203241527608,-11.603530399749841,41.545468470621884,20.83493440998145,-17.60059651594817,40.700181642922395,73302.07719741092
418.0,-45.75425595558045,24.558759314248864,-2.858607493237505,41.68613996443552,21.12769609692907,-8.376357594909274,40.74252164452234,74352.0625346876
419.0,-45.75425595558045,22.96562766599327,-6.5805173615898696,44.562921638125474,19.233704283081323,-12.307015272120545,42.446730134085705,73361.20912690068
420.0,-45.75425595558045,22.987260898280375,-6.6106511726986525,40.90944988463736,19.360412223222614,-11.977088341279531,40.6987182959295,76024.10585894668
421.0,-45.75425595558045,24.592701498332634,-7.019025560873045,40.91586480616794,21.456001268036903,-8.010111611758882,40.70570562088261,76731.2978803178
422.0,-45.75425595558045,23.733590650536957,-0.4940834489049237,40.90651325810644,20.116816778920267,-6.890521720304175,40.6211249737624,77672.49431160165
423.0,-45.75425595558045,23.757593736800832,-1.2243037021702232,41.64182051498803,19.901535125787188,-5.871195465941007,40.54206832882049,81112.04018683845
424.0,-45.75425595558045,25.4702343559591,-2.697365710844343,43.01452670035823,22.33883094585567,-7.944422936423457,40.63232821181333,81271.10126906734
425.0,-45.75425595558045,22.05528123106385,-1.0397635211927554,40.913676007324696,19.047088483100627,-5.697526826499118,40.631121932817486,81813.65844832506
426.0,-45.75425595558045,25.690363763487586,-0.057410252583128596,40.91714835937369,22.51195344742061,-5.489701382750663,40.63517634592297,82356.22352901023
427.0,-45.75425595558045,24.285906733130062,-10.7635011948177,40.906753185555466,20.605158629608095,-14.747905284860622,40.543625764460685,82466.14455970944
428.0,-45.79900813214498,26.00324272325373,-6.896958789548963,45.79900813214498,22.80863860432054,-8.065160214989081,44.167225565315434,81657.19713030798
429.0,-45.79900813214498,22.391525045372603,-12.553283544992555,40.910408578493374,19.209635208203455,-18.048066663356867,39.89663948550189,82685.72815009809
430.0,-45.79900813214498,25.780186513511975,-7.017866935849828,41.479081396429606,22.461624756048927,-8.347036196986608,40.93576277207375,84011.59297690941
431.0,-45.79900813214498,21.260018534092666,-7.006649121007975,41.546725999933244,17.389213442103298,-12.835924257436117,40.62481466246135,82475.29027087087
432.0,-45.79900813214498,24.163739328039586,-6.012068316854536,40.908944887052435,20.730064567920298,-6.034900460199481,40.697495555288576,83509.62244921789
433.0,-45.79900813214498,21.920027491523694,-8.270840662254338,40.88758461356311,18.970752984850684,-10.177396194020938,39.955923136613826,83842.68486460135
434.0,-45.79900813214498,21.694140109887286,-7.015957314558731,40.93028951432874,18.634424088197083,-8.070773798695567,39.83078220091676,83195.28983673577
435.0,-45.79900813214498,22.169094904249178,-8.253130940252262,40.89806846146334,19.301297437788612,-10.939475084031434,39.89102961215905,82819.69564673048
436.0,-45.79900813214498,22.915437158913193,-6.401316000738904,40.89307399989151,19.012999716180076,-12.03774897694614,40.27078626978496,82185.55199094833
437.0,-45.79900813214498,24.154026046708392,1.9238993099051633,40.90603436045329,20.530624826678583,-4.5600307983862685,40.694719180292026,83413.64357261342
438.0,-45.79900813214498,24.92141261893304,-5.990791912493506,40.912413116498435,21.305575676235932,-6.014242477545068,40.46813271480083,84435.90199135401
439.0,-45.79900813214498,25.586409692491053,-8.259538117910198,40.90389491749919,22.6589549134797,-10.157416643083836,39.965559288281874,81567.20260411792
440.0,-45.79900813214498,23.685577205533733,1.9893772502122324,40.911373882625334,20.575286255773854,-2.985843321343477,39.82151319078432,82918.1627095023
441.0,-45.79900813214498,24.95164352751,-5.9904450387381925,40.889384159010035,21.37280073163367,-9.209333747633005,40.04811175056371,83037.70812614239
442.0,-45.79900813214498,24.363484539683785,1.9363829899941543,40.89301659460425,20.756357789014878,-5.671173287042688,40.203005563183105,82734.71015205068
443.0,-45.79900813214498,22.926106356929793,-8.276180022675842,40.90555673239932,18.710520574847603,-13.020202356837292,40.649845188016975,84766.82840301684
444.0,-45.79900813214498,25.718732199983965,2.0363828254417804,40.902033521474294,22.25065422250843,-4.421291592181149,40.69074276213118,82960.48813098286
445.0,-45.79900813214498,24.52013625141317,2.7862268032377973,40.89402724694368,20.57206633265084,-5.585383777438757,40.45022663998886,81872.41045084663
446.0,-45.79900813214498,25.468729116226086,-7.512214269330867,40.91312358728991,21.55726014992126,-14.607743427954883,40.29032402010868,81175.52253576291
447.0,-45.79900813214498,25.22350107798197,2.115657416017136,40.910899150568895,21.6661064846502,-4.737564435404106,40.88747877651355,79855.76145952215
448.0,-45.79900813214498,26.241522168541724,2.428492407939096,40.89467942152356,22.590899910862525,-5.522466276735358,40.4509330879761,78226.14134642611
449.0,-45.79900813214498,23.66953758476167,1.9630442603933176,40.895149868876466,19.29359019988215,-6.483426954035981,40.2752610732406,78540.11297880576
450.0,-45.79900813214498,25.981216556238845,-3.07508456158701,40.91260999720135,22.41513150782422,-9.347089337341913,40.4671850222585,77552.54646125101
451.0,-45.79900813214498,25.92767807530577,2.1232272597737243,41.41318298148684,22.35081461655204,-4.67743593075733,40.62403045329943,78234.14779217135
452.0,-45.79900813214498,24.50465944316524,3.230807207844114,40.9323120671419,20.700399085659686,-4.920831105190089,40.48427420784445,78372.22223823835
453.0,-45.79900813214498,27.047067045196176,0.032614712742358165,42.92987729060751,23.568901564696834,-7.213500694307456,40.44567428562115,78172.00190594597
454.0,-45.79900813214498,22.330037570590083,-6.636767661859011,40.90084855826988,18.395511720588612,-11.513129415535019,40.53811147330227,78910.47126249598
455.0,-45.79900813214498,25.995312131065813,2.4458085131754785,40.8897631321013,22.93840117937153,-2.974414784623157,40.680969473653306,80080.19059094734
456.0,-45.79900813214498,26.19321878628301,2.2066349439329542,42.95541289517146,22.62146411464963,-5.329945461040218,40.4509330879761,80273.12026148122
457.0,-47.85825560359898,24.222091514428442,0.1312397435877415,47.85825560359898,20.376285451134187,-6.689337775596716,47.77634459243462,79472.5645299892
458.0,-47.85825560359898,23.763132023904106,-4.516434848112678,40.85020156329961,20.004561234276355,-6.471833981542964,40.08248958154755,80358.12786519107
459.0,-47.85825560359898,24.82907230813524,2.0511260984576616,47.78674924629606,22.066603423915502,-2.5885685174008586,47.73111796861138,81733.15705725233
460.0,-47.85825560359898,26.033923316264154,0.13866898854766063,43.16840070296117,22.717205330655023,-6.7345030272160145,40.60689958019738,81747.93940860739
461.0,-47.85825560359898,23.838741440018307,-2.769253907805167,47.00558871204608,19.94632751699412,-8.798044467584543,46.366582145756695,81467.49107556156
462.0,-47.85825560359898,24.500181109731262,-0.18071178961170808,47.81371351454344,20.976096682089977,-5.882872510829348,47.73067472613789,81039.17670704264
463.0,-47.85825560359898,24.646711410664516,-5.983367094534505,40.89715181885586,21.012023043019877,-6.438697060221337,40.53577466803131,81292.91842999907
464.0,-47.85825560359898,24.26979740559029,-7.00156550368521,42.97310556199814,20.730638111129903,-9.154060759805294,40.51991800734651,81548.37235991942
465.0,-47.85825560359898,24.361727398095955,-8.260436122109146,43.02100383675746,20.825970978573714,-15.279987160040497,40.60952292294127,81562.17567011893
466.0,-47.85825560359898,24.740677067860744,-1.0532093501777524,42.92450297740282,21.086902974316278,-6.03104642541393,40.73260676660094,82642.5576026568
467.0,-47.85825560359898,26.29240095223923,-6.666359540827843,42.63299798690807,23.01614912101196,-9.910244392935844,42.06904434484177,83174.20499591646
468.0,-47.85825560359898,23.36045657969546,-3.6828183675098622,45.77589292807617,20.1544902935778,-7.774719880867458,44.015181061198405,85315.26344353406
469.0,-47.85825560359898,22.98599633025904,-7.020978550270371,40.89113333436093,19.27530080508528,-7.915578220580442,40.20013481496579,84815.41069122084
470.0,-47.85825560359898,24.39502880697139,-10.742029772718361,40.90892707617814,21.48299716829693,-14.771455634398901,39.89592024766437,83674.29999073519
471.0,-47.85825560359898,25.62220337536184,-10.708647676262952,41.75955985540507,22.7158737031074,-15.388670288470017,40.646032670018215,84942.93459682014
472.0,-47.85825560359898,22.15364312797616,-7.201904446863622,40.91213151586878,18.82047576286771,-11.721792430808799,39.65996167164023,86691.14885144334
473.0,-47.85825560359898,23.851930732353953,-10.744343467573295,40.90154796025389,20.516601895044474,-14.193620390542453,40.69108952905201,90202.2852547342
474.0,-47.85825560359898,23.866239839247765,-6.005973648451754,47.67992182904172,20.194581667397014,-10.26701819354215,43.89716339286727,91033.38144652592
475.0,-47.85825560359898,22.812480270709173,-8.259538117910198,40.91039113248447,19.277400841637615,-10.55436164014689,39.804423271678125,89291.95916790768
476.0,-47.85825560359898,23.912291271021548,-9.476294840181442,41.68632731252398,20.892945909507716,-12.662165560385716,39.82144378883961,89663.08085238765
477.0,-47.85825560359898,24.494599377839176,-10.71237444889475,40.90559040700141,21.509334315196323,-15.187188012069726,39.740740012592056,89711.4012241924
478.0,-47.85825560359898,23.658641969704487,-7.17683522649601,47.69214030477086,20.34645144172837,-12.030116490193391,45.1497341925966,88872.03807710652
479.0,-47.85825560359898,25.75584115741995,-2.3113149406192104,44.57409590040961,22.49542839026938,-6.141554986373903,42.009569916110216,88037.05973604956
480.0,-47.85825560359898,21.739475436115967,-7.091971005370468,40.913593516105664,18.301644923076296,-12.60001489944002,40.43830064088112,90201.96008657095
481.0,-47.85825560359898,22.879029014794586,-2.639841963642006,44.512360635482345,19.279748473667336,-7.938544534375506,42.254982903118794,89750.14631338054
482.0,-47.85825560359898,24.3880113384247,-6.003936920956191,40.890659603294274,20.761454009039177,-9.379801758068961,40.716572249234666,91797.97154394165
483.0,-47.85825560359898,23.86579843128827,-1.0901332276148619,47.00867452515503,20.240317104454412,-5.8017765475335725,46.33428918517548,91640.9670363416
484.0,-47.85825560359898,24.116100964219658,-3.4622968056775196,40.90750173171563,20.819056097313837,-6.8962789348449665,40.62701040775812,92523.55512560866
485.0,-47.85825560359898,24.7872292649098,-5.211410332529763,47.049925182241466,21.366871251120934,-8.45008172452178,46.34377385891969,92876.8377279792
486.0,-47.85825560359898,25.23165459753975,3.19513188722922,40.911373882625334,21.97929102242626,-3.1586320679078774,39.88759272839502,90163.25616807252
487.0,-47.85825560359898,22.628871421346044,-8.2587651473156,42.863603429494304,18.390038901006747,-11.62958244261132,40.552254522631685,93325.84371338812
488.0,-47.85825560359898,25.33131191702782,-6.07938106274174,40.9190227532908,21.95369746796428,-6.762854174779875,40.82314889837496,93199.07042343113
489.0,-47.85825560359898,26.24996083289429,-7.040016402642063,42.92159305839166,22.87060329653575,-12.935816637966575,40.54445302451053,94174.66205935851
490.0,-47.85825560359898,23.497032699485136,-10.705741081217798,43.207779803548476,19.95218277193716,-14.135906899635543,40.70591409488846,93871.12533366901
491.0,-47.883992964907975,26.554951534081198,-5.983367094534505,47.883992964907975,23.511672756475626,-6.026447315397703,47.82665398051592,94412.0137177739
492.0,-47.883992964907975,23.407067351120705,-6.996395837520379,40.89386083448507,20.591847841864077,-7.925034745579967,39.93070278192057,94208.79978657284
493.0,-47.883992964907975,22.397263816127364,-8.244498150088923,42.85068545908874,19.43616408219806,-10.243043647253671,39.900110811557376,93120.17828785215
494.0,-47.883992964907975,23.19711236459667,-7.019025560873045,43.012719605923266,20.12997132690124,-10.506576261800872,39.81740192172268,94621.21056668239
495.0,-47.883992964907975,24.106043634748595,-7.020978550270371,45.80782020207961,21.284041276142798,-10.136972445964084,44.12417440278993,95438.5152060594
496.0,-47.883992964907975,26.549260449221137,-10.716869781921918,47.85586484093957,23.575117684616046,-14.317501303203368,47.78029085612873,95086.6380747976
497.0,-47.883992964907975,25.78862297045238,-8.950283390351052,47.015916603959774,22.689910204593847,-11.478783325053628,46.219799260145,95370.95268770278
498.0,-47.883992964907975,22.78060341506884,-8.260315443631827,44.56035320823157,19.745277336026312,-10.384373839059739,41.93158275507859,96410.56821117591
499.0,-47.883992964907975,24.61161982544666,-10.46474873570434,47.033947279281904,21.5560038780677,-14.705018977635046,46.18287443452555,96963.89920158099
